# Verified stock disassembly; regenerate with tools/sonic_disassembly.py
000200,EndOfHeader,ErrorTrap
000206,EntryPoint,
000234,SkipSecurity,
00023E,VDPInitLoop,
000250,WaitForZ80,
000256,Z80InitLoop,
000262,ClrRAMLoop,
00026E,ClrCRAMLoop,
000278,ClrVSRAMLoop,
000280,PSGInitLoop,
000292,SkipSetup,
000300,GameProgram,
00031C,CheckSumCheck,
00033E,CheckSumOk,
000364,GameInit,
000370,v_spcsfx_fm_tracks_end,v_spcsfx_psg_tracks
000388,MainGameLoop,
000396,GameModeArray,gmptr / __LABEL__ / id_Sega
00039A,id_Title,
00039E,id_Demo,
0003A2,id_Level,
0003A6,id_Special,
0003AA,id_Continue,
0003AE,id_Ending,
0003B2,id_Credits,
0003B8,CheckSumError,
0003D6,BusError,
0003DE,AddressError,
0003E6,IllegalInstr,
0003F2,ZeroDivide,
0003FA,ChkInstr,
000402,TrapvInstr,
00040A,PrivilegeViol,
000412,Trace,
00041A,Line1010Emu,
000426,Line1111Emu,
000432,ErrorExcept,
00043A,ErrorHandler_WithAddress,
000440,zDAC_Snare,
000462,ErrorHandler_WithoutAddress,
000488,ShowErrorMessage,
0005BA,ShowErrorValue,
0005E0,ErrorWaitForC,
000B10,Art_Text_end,VBlank
000B5E,VBlank_Music,
000B64,VBlank_Exit,
000B88,VBlank_Lag,
000BB0,zDAC_Timpani,
000C32,VBlank_Sega,
000C36,VBlank_SegaPCM,
000C44,VBlank_Title,
000C5E,VBlank_Unused06,
000C64,VBlank_Paused,
000C6E,VBlank_Levels,
000D84,VBlank_UpdateScreen,
000DA6,VBlank_SpecialStage,
000E72,VBlank_TitleCards,VBlank_Ending
000F8A,VBlank_Unused0E,
000F9A,VBlank_PaletteFade,
000FA6,VBlank_Continue,
00106E,VBlank_StandardTransfers,
001126,HBlank,
0011B6,JoypadInit,
0011E6,ReadJoypads,
001222,VDPSetupGame,
0012C4,VDPSetupArray_End,ClearScreen
001352,DACDriverLoad,
001396,QueueSound1,
00139C,QueueSound2,
0013A2,QueueSound3,
0013A8,PauseGame,
0013BE,Pause_StopGame,
0013CA,Pause_Loop,
0013EC,Pause_ChkBC,
0013FC,Pause_ChkStart,
001404,Pause_EndMusic,
00140A,Unpause,
001410,Pause_DoNothing,
001412,Pause_SlowMo,
001420,TilemapToVRAM,
00142C,Tilemap_Line,
001432,Tilemap_Cell,
001440,NemDec,
001452,NemDecToRAM,
00145C,NemDecMain,
00148A,NemDec_ProcessCompressedData,
0014C0,NemPCD_ProcessCompressedData,
0014C2,NemPCD_WritePixel,
0014CC,NemPCD_NewRow,
0014D0,NemPCD_WritePixel_Loop,
0014D6,NemPCD_InlineData,
001502,NemPCD_WriteRowToVDP,
00150C,NemPCD_WriteRowToVDP_XOR,
001518,NemPCD_WriteRowToRAM,
001522,NemPCD_WriteRowToRAM_XOR,
00152E,NemDec_BuildCodeTable,
001530,NemBCT_ChkEnd,
001538,NemBCT_NewPALIndex,
00153A,NemBCT_Loop,
001568,NemBCT_ShortCode,
001574,NemBCT_ShortCode_Loop,
001580,AddPLC,
0015B2,NewPLC,
0015DE,ClearPLC,
0015EC,RunPLC,
001642,ProcessPLC_9Tiles,
00165E,ProcessPLC_3Tiles,
001676,ProcessPLC,
0016DA,ProcessPLC_Return,
0016DC,ProcessPLC_ShiftCue,
0016EC,QuickPLC,
00171E,EniDec,
00173E,Eni_Loop,
00177A,EniDec_100,
001786,EniDec_101,
001794,EniDec_110,
0017A2,EniDec_111,
0017B4,EniDec_Index,
0017C4,EniDec_Done,
0017DC,EniDec_FetchInlineValue,
00188C,EniDec_FetchByte,
00189C,KosDec,
0018A8,Kos_Loop,
0018C2,Kos_RLE,
001906,Kos_SeparateRLE,
00191C,Kos_RLELoop,
001928,Kos_SeparateRLE2,
001938,Kos_Done,
00193C,PaletteCycle,
00195C,PalCycle_Title,
001964,PalCycle_GHZ,
00196A,PCycGHZ_Go,
001990,PCycGHZ_Skip,
001992,PalCycle_LZ,
0019C0,PCycLZ_NotSBZ3,
0019D8,PCycLZ_Skip1,
0019F0,PCycLZ_NoRev,
001A3A,PCycLZ_Skip2,
001A44,PalCycle_MZ,
001A46,PalCycle_SLZ,
001A82,PalCycle_SYZ,
001AC8,PalCycle_SBZ,
001DAC,PaletteFadeIn,
001DB2,PalFadeIn_Alt,
001DE4,FadeIn_FromBlack,
001E26,FadeIn_AddColour,
001E52,PaletteFadeOut,
001E72,FadeOut_ToBlack,
001EA0,FadeOut_DecColour,
001ED0,PaletteWhiteIn,
001F0A,WhiteIn_FromWhite,
001F4C,WhiteIn_DecColour,
001F7C,PaletteWhiteOut,
001F9C,WhiteOut_ToWhite,
001FCA,WhiteOut_AddColour,
00200A,PalCycle_Sega,
00206A,PCycSega_FadeIn,
0020FC,Pal_Sega2_end,PalLoad_Fade
002118,PalLoad,
002130,PalLoad_Fade_Water,
00214C,PalLoad_Water,
0029A8,Pal_Ending_end,WaitForVBlank
0029B4,RandomNumber,
0029DA,CalcSine,
002C72,CalcSqrt,
002CA8,CalcAngle,
002D04,CA_NullAngle,
002E10,GM_Sega,
002ED0,Sega_WaitPal,
002EF8,Sega_WaitEnd,
002F10,Sega_GotoTitle,
002F18,GM_Title,
00303E,Tit_LoadText,
00317C,Tit_MainLoop,
0031B6,Tit_ChkRegion,
0031C4,Tit_RegionJap,
0031CA,Tit_EnterCheat,
0031E4,Tit_ActivateCheat,
003200,Tit_PlayRing,
003210,Tit_ResetCheat,
003222,Tit_CountC,
003230,Tit_ChkStartOrDemo,
003242,Tit_ChkLevSel,
003254,Tit_EnterLevelSelect,
003290,LevelSelect,
0032B0,LevSel_SelectionMade,
0032D4,LevSel_NoCheat,
0032E0,LevSel_PlaySnd,
0032E6,LevSel_Ending,
0032F4,LevSel_Credits,
00330A,LevSel_Level_SS,
00333A,LevSel_Level,
003342,PlayLevel,
0033B0,GotoDemo,
0033B6,GotoDemo_PreDelayLoop,
0033E4,GotoDemo_ChkLoop,
003422,GotoDemo_NoReset,
003442,GotoDemo_NotSS,
003460,LevSelControls,
003470,LevSel_UpDown,
003490,LevSel_Down,
0034A0,LevSel_Refresh,
0034AA,LevSel_SndTest,
0034CC,LevSel_Right,
0034DC,LevSel_Refresh2,
0034E4,LevSel_NoMove,
0034E6,LevSelTextLoad,
003550,LevSel_DrawSnd,
003572,LevSel_ChgSnd,
003586,LevSel_ChgLine,
0037A2,GM_Level,
0037B6,Level_NoMusicFade,
0037FC,Level_NoPLC,
003802,Level_ClrRam,
0038AE,Level_LoadPal,
0038D2,Level_WaterPal,
0038E2,Level_GetBgm,
0038F8,Level_BgmNotLZ4,
003902,Level_PlayBgm,
003916,Level_TtlCardLoop,
003946,Level_SkipTtlCard,
003982,Level_ChkDebug,
003996,Level_ChkWater,
0039C2,Level_LoadObj,
0039E8,Level_SkipClr,
003A4E,Level_Demo,
003A78,Level_ChkWaterPal,
003A8C,Level_WtrNotSbz,
003A90,Level_Delay,
003A94,Level_DelayLoop,
003AC4,Level_ClrCardArt,
003ADC,Level_StartGame,
003AE2,Level_MainLoop,
003B10,Level_DoScroll,
003B14,Level_SkipScroll,
003B50,Level_ChkDemo,
003B6E,Level_EndDemo,
003B88,Level_FadeDemo,
003B98,Level_FDLoop,
003BC8,Level_FDLoop_NoDim,
003BD0,LZWaterFeatures,
003C32,LZDynamicWater,
003C64,DynWater_LZ1,
003CF6,DynWater_LZ2,
003D18,DynWater_LZ3,
003E1C,DynWater_SBZ3,
003E32,LZWindTunnels,
003F34,LZWaterSlides,
003F7C,LZSlide_Move,
003FD0,MoveSonicInDemo,
003FD8,DemoRecorder,
004010,MDemo_On,
0040F0,ColIndexLoad,
004118,OscillateNumInit,
00416E,OscillateNumDo,
004206,SynchroAnimate,Sync1
00421C,Sync2,
004232,Sync3,
004250,Sync4,
004272,SyncEnd,
004274,SignpostArtLoad,
0045DC,GM_Special,
004718,SS_NoDebug,
00472A,SS_MainLoop,
004766,SS_ChkEnd,
00478A,SS_Finish,
00479A,SS_FinLoop,
0047D4,SS_FinLoop_NoBrighten,
00485C,SS_NormalExit,
004894,SS_ToSegaScreen,
00489C,SS_BGLoad,
004962,PalCycle_SS,
004BE4,SS_BGAnimate,
004CE0,GM_Continue,
004DC4,Cont_MainLoop,
004DF2,Cont_NoCountdown,
004E1E,Cont_GotoLevel,
004E42,ContScrItem,
004E58,CSI_Main,
004E88,CSI_Display,
004EAC,CSI_MakeMiniSonic,
004EC4,CSI_MoreThan1,
004ED0,CSI_FewerThan16,
004EEA,CSI_Even,
004F20,CSI_ChkDel,
004F40,CSI_Animate,
004F50,CSI_Display2,
004F56,CSI_Delete,
004F5C,ContSonic,
004F78,CSon_Main,
004FAE,CSon_ChkLand,
004FD4,CSon_ShowFall,
004FE6,CSon_Animate,
004FF8,CSon_GetUp,
005020,CSon_Run,
005030,CSon_AddInertia,
005036,CSon_ShowRun,
0050E6,GM_Ending,
00518E,End_LoadData,
0051E6,End_LoadSonic,
005284,End_MainLoop,
0052DA,End_ChkEmerald,
0052F0,End_AllEmlds,
005334,End_SlowFade,
005370,End_MoveSonic,
005390,End_MoveSon2,
0053C8,End_MoveSon3,
0053E0,End_MoveSonExit,
0053E2,EndSonic,
00540A,ESon_Main,
005420,ESon_Main2,
00544E,ESon_MakeEmeralds,
005464,ESon_Wait,
005466,ESon_LookUp,
005482,ESon_ClrObjRam,
005490,ESon_ClrLoop,
0054AC,ESon_Wait2,
0054AE,ESon_MakeLogo,
0054CA,ESon_Wait3,
0054CC,ESon_Animate,
0054D8,ESon_Leap,
005514,ESon_Wait4,
00553C,EndChaos,
005554,ECha_Main,
005560,ECha_CreateEms,
005574,ECha_LoadLoop,
0055BC,ECha_Move,
0055EC,ECha_Expand,
0055FA,ECha_Rotate,
005608,ECha_Rise,
005614,ECha_End,
005616,EndSTH,
00562A,ESth_Main,
005654,ESth_Move,
005666,ESth_Delay,
005670,ESth_GotoCredits,
00567C,ESth_Wait,
0057C4,GM_Credits,
005862,Cred_SkipObjGfx,
005872,Cred_WaitLoop,
005898,EndingDemoLoad,
0058F0,EndDemo_LampLoad,
0058F6,EndDemo_Exit,
00592C,EndDemo_LampVar_End,TryAgainEnd
0059AA,TryAg_MainLoop,
0059DA,TryAg_Exit,
0059E2,EndEggman,
0059FE,EEgg_Main,
005A4E,EEgg_Animate,
005A5A,EEgg_Juggle,
005A8E,EEgg_Wait,
005AC2,TryChaos,
005ADA,TCha_Main,
005B66,TCha_Move,
005EBE,LevelSizeLoad,
00608C,LevSz_ChkLamp,
0060A2,LevSz_StartLoc,
0060C0,LevSz_SonicPos,
0060D0,SetScreen,LevSz_SkipStartPos
0060D8,SetScr_WithinLeft,
0060E2,SetScr_WithinRight,
0060EE,SetScr_WithinTop,
0060F8,SetScr_WithinBottom,
00619E,LevSz_LoadScrollBlockSize,
0061EC,BgScrollSpeed,
006224,BgScroll_GHZ,
006228,BgScroll_LZ,
006230,BgScroll_MZ,
006232,BgScroll_SLZ,
00623E,BgScroll_SYZ,
006252,BgScroll_SBZ,
00625E,BgScroll_End,
006286,DeformLayers,
0062EC,Deform_GHZ,
006396,Deform_LZ,
0063D6,Deform_MZ,
00642E,Deform_SLZ,
0064A8,Deform_SLZ_2,
006506,Deform_SYZ,
006544,Deform_SBZ,
00657E,ScrollHoriz,
0065AA,SH_Forward,
0065B2,MoveScreenHoriz,
0065CC,SH_AheadOfMid,
0065D6,SH_Ahead16,
0065E4,SH_SetScreen,
0065F6,SH_BehindMid,
006616,ScrollVertical,
00662A,SV_NotRolling,
006768,ScrollBlock1,
0067D2,ScrollBlock2,
006814,ScrollBlock3,
006844,ScrollBlock4,
006886,LoadTilesAsYouMove_BGOnly,
0068B2,LoadTilesAsYouMove,
006954,DrawBGScrollBlock1,
0069F4,DrawBGScrollBlock2,
006A82,DrawBGScrollBlock_PlaneZ,
006AD8,DrawBlocks_LR,
006ADA,DrawBlocks_LR_2,
006B04,DrawBlocks_TB,
006B06,DrawBlocks_TB_2,
006B32,DrawBlock,
006B4E,DrawFlipX,
006B6E,DrawFlipY,
006B90,DrawFlipXY,
006BD6,GetBlockData,
006C20,Calc_VRAM_Pos,
006C3C,Calc_VRAM_Pos_PlaneZ,
006C58,LoadTilesFromStart,
006C7E,DrawChunks,
006CA6,LevelDataLoad,
006D12,LevelLayoutLoad,
006D1C,LevLoad_ClrRam,
006D32,LevelLayoutLoad2,
006D58,LevLoad_NumRows,
006D5C,LevLoad_Row,
006D6C,DynamicLevelEvents,
006DAA,DLE_NoChg,
006DDE,DLE_GHZ,
006DF4,DLE_GHZ1,
006E0A,DLE_GHZ2,
006E3C,DLE_GHZ3,
006E50,DLE_GHZ3main,
006EA4,DLE_GHZ3boss,
006EEA,DLE_GHZ3end,
006EF2,DLE_LZ,
006F0A,DLE_LZ12,
006F0C,DLE_LZ3,
006F66,DLE_SBZ3,
006F8E,DLE_MZ,
006FA4,DLE_MZ1,
006FBA,DLE_MZ1_0,
006FEA,DLE_MZ1_2,
00702E,DLE_MZ1_4,
007050,DLE_MZ1_6,
007074,DLE_MZ2,
00708A,DLE_MZ3,
00709C,DLE_MZ3boss,
0070EA,DLE_MZ3end,
0070F2,DLE_SLZ,
007108,DLE_SLZ12,
00710A,DLE_SLZ3,
00711E,DLE_SLZ3main,
007132,DLE_SLZ3boss,
00715E,DLE_SLZ3end,
007168,DLE_SYZ,
00717E,DLE_SYZ1,
007180,DLE_SYZ2,
0071A4,DLE_SYZ3,
0071B8,DLE_SYZ3main,
0071D0,DLE_SYZ3boss,
007202,DLE_SYZ3end,
00720A,DLE_SBZ,
007220,DLE_SBZ1,
007244,DLE_SBZ2,
00725A,DLE_SBZ2main,
00727C,DLE_SBZ2boss,
00729A,DLE_SBZ2boss2,
0072B8,DLE_SBZ2end,
0072CA,DLE_FZ,
0072E2,DLE_FZmain,
0072F6,DLE_FZboss,
007314,DLE_FZend,
007322,DLE_FZwait,
007324,DLE_FZend2,
007326,DLE_Ending,
007328,Bridge,
007342,Bri_Main,
007404,Bri_Action,
00741C,Bri_Solid,
00744C,PlatformObject,
00746E,Plat_NoXCheck,
007474,Platform3,
00751E,Plat_Exit,
007520,SlopeObject,
00755C,Swing_Solid,
007588,Bri_Platform,
007592,Bri_WalkOff,
0075C0,ExitPlatform,
0075C2,ExitPlatform2,
0075F4,Bri_MoveSonic,
007620,Bri_Bend,
0078DC,Bri_ChkDel,
007928,Bri_Delete,
00792E,Bri_Display,
007952,SwingingPlatform,
00796E,Swing_Main,
007ADC,Swing_SetSolid,
007AEC,Swing_Action,
007AF8,Swing_Action2,
007B22,MvSonicOnPtfm,
007B2E,MvSonicOnPtfm2,
007B3A,MvSonic2,
007B64,Swing_Move,
007B7A,Obj48_Move,
007BBA,Swing_Move2,
007BFE,Swing_ChkDel,
007C1E,Swing_DelAll,
007C26,Swing_DelLoop,
007C3E,Swing_Delete,
007C44,Swing_Display,
007CA2,Helix,
007CBA,Hel_Main,
007D0A,Hel_Build,
007D78,Hel_NotCentre,
007D7C,Hel_Action,
007D88,Hel_RotateSpikes,
007DA8,Hel_ChkDel,
007DC8,Hel_DelAll,
007DD4,Hel_DelLoop,
007DEA,Hel_Delete,
007DF0,Hel_Display,
007E32,BasicPlatform,
007E4A,Plat_Main,
007ED6,Plat_Solid,
007EEA,Plat_Action,
007EFA,Plat_Action2,
007F2C,Plat_Nudge,
007F46,Plat_Move,
0080D8,Plat_ChkDel,
0080F6,Plat_Delete,
0081A8,Obj19,
008210,CollapseLedge,
00822A,Ledge_Main,
008266,Ledge_Touch,
00828A,Ledge_Collapse,
00829C,Ledge_WalkOff,
0082BA,Ledge_Display,
00830A,Ledge_TimeZero,
00831A,Ledge_Delete,
008320,CollapseFloor,
00833A,CFlo_Main,
008384,CFlo_Touch,
0083C6,CFlo_Collapse,
0083D8,CFlo_WalkOff,
0083EC,CFlo_Display,
00843C,CFlo_TimeZero,
00844C,CFlo_Delete,
008452,CFlo_Fragment,
008474,Ledge_Fragment,
00852A,SlopeObject2,
0087CA,Scenery,
0087DC,Scen_Main,
00880C,Scen_ChkDel,
00885E,MagicSwitch,
008872,Swi_Main,
00889C,Swi_Action,
0088B6,Swi_ChkDel,
0088DA,Swi_Delete,
0088E0,Swi_ChkTouch,
008918,Swi_NoTouch,
008934,AutoDoor,
008946,ADoor_Main,
00896A,ADoor_OpenShut,
0089A2,ADoor_Open,
0089A8,ADoor_Animate,
008A62,EdgeWall_SolidWall,
008ADA,EdgeWall_SolidWall2,
008B4C,BallHog,
008B5E,Hog_Main,
008BAE,Hog_Action,
008C1C,Cannonball,
008C2E,Cbal_Main,
008C72,Cbal_Bounce,
008CAE,Cbal_ChkExplode,
008CCA,Cbal_Animate,
008CDC,Cbal_Display,
008CF2,UnusedExplosion,
008D04,UnkExpl_Main,
008D44,UnkExpl_Animate,
008D62,ExplosionItem,
008D76,ExItem_Animal,
008D98,ExItem_Main,
008DD8,ExItem_Animate,
008DF6,Explosion,
008E08,Expl_Main,
008F22,Animals,
00900C,Anml_Main,
009076,Anml_FromEnemy,
009118,Anml_Display,
00912A,Anml_ChkFloor,
009184,Anml_Type0,
0091C0,Anml_Type1,
009240,Anml_FromPrison,
009260,Anml_End_0A,
009280,Anml_End_0C,
0092BA,Anml_End_0D,
0092D6,Anml_End_14,
009314,Anml_End_0E,
009332,Anml_End_0F,
009370,Anml_End_13,
009412,Points,
009428,Poi_Main,
009452,Poi_Slower,
0094F0,Crabmeat,
009508,Crab_Main,
00955C,Crab_Action,
009688,Crab_SetAni,
0096B8,Crab_Delete,
0096BE,Crab_BallMain,
0096F4,Crab_BallMove,
0097DE,BuzzBomber,
0097F2,Buzz_Main,
00981C,Buzz_Action,
00992C,Buzz_Delete,
009932,Missile,
00994A,Msl_Main,
009994,Msl_Animate,
0099A4,Msl_ChkCancel,
0099B2,Msl_FromBuzz,
0099F8,Msl_Delete,
0099FE,Msl_FromNewt,
009A08,Msl_Animate2,
009B26,Rings,
009B5E,Ring_Main,
009BAA,Ring_MakeRings,
009C16,Ring_Animate,
009C3E,Ring_Collect,
009C64,Ring_Sparkle,
009C72,Ring_Delete,
009C76,CollectRing,
009CB6,RingLoss,
009CCE,RLoss_Count,
009D8E,RLoss_Bounce,
009DE0,RLoss_Collect,
009DF4,RLoss_Sparkle,
009E02,RLoss_Delete,
009E06,GiantRing,
009E1C,GRing_Main,
009E50,GRing_Okay,
009E66,GRing_Animate,
009E8E,GRing_Collect,
009EC6,GRing_PlaySnd,
009ED2,GRing_Delete,
009ED6,RingFlash,
009EEA,Flash_Main,
009F14,Flash_ChkDel,
009F38,Flash_Collect,
009F78,Flash_End,
009F86,Flash_Delete,
00A118,Monitor,
00A130,Mon_Main,
00A192,Mon_Solid,
00A276,Mon_Animate,
00A280,Mon_Display,
00A2A4,Mon_BreakOpen,
00A2CC,Mon_Explode,
00A302,PowerUp,
00A31A,Pow_Main,
00A35A,Pow_Move,
00A36E,Pow_Checks,
00A378,Pow_ChkEggman,
00A384,Pow_ChkSonic,
00A38A,ExtraLife,
00A39C,Pow_ChkShoes,
00A3CA,Pow_ChkShield,
00A3E6,Pow_ChkInvinc,
00A438,Pow_NoMusic,
00A43A,Pow_ChkRings,
00A470,Pow_RingSound,
00A47A,Pow_ChkS,
00A482,Pow_ChkGoggles,Pow_ChkEnd
00A484,Pow_Delete,
00A48E,Mon_SolidSides,
00A61C,TitleSonic,
00A632,TSon_Main,
00A666,TSon_Delay,
00A676,TSon_Move,
00A68C,TSon_Animate,
00A69C,PSBTM,
00A6B4,PSB_Main,
00A6F8,PSB_Exit,
00A6FA,PSB_PrsStart,
00A718,AnimateSprite,
00A734,Anim_Run,
00A750,Anim_Next,
00A774,Anim_Wait,
00A776,Anim_End_FF,
00A786,Anim_End_FE,
00A79A,Anim_End_FD,
00A7A4,Anim_End_FC,
00A7AC,Anim_End_FB,
00A7BA,Anim_End_FA,
00A7C2,Anim_End,
00AB20,Chopper,
00AB36,Chop_Main,
00AB6C,Chop_ChgSpeed,
00ABDA,Jaws,
00ABEC,Jaws_Main,
00AC3A,Jaws_Turn,
00ACA4,Burrobot,
00ACB6,Burro_Main,
00ACF6,Burro_Action,
00AD44,Burro_Move,
00ADB6,Burro_Jump,
00ADF2,Burro_ChkSonic,
00AE22,Burro_ChkSonic2,
00AEB8,LargeGrass,
00AED6,LGrass_Main,
00AF34,LGrass_Action,
00AF5C,LGrass_Slope,
00AF74,LGrass_Solid,
00AF96,LGrass_Display,
00AF9E,LGrass_Types,
00AFBE,LGrass_Type00,
00AFC0,LGrass_Type01,
00AFCA,LGrass_Type02,
00AFD4,LGrass_Type03,
00AFDE,LGrass_Type04,
00AFE6,LGrass_Move,
00AFFE,LGrass_Type05,
00B0BA,LGrass_ChkDel,
00B0E6,LGrass_DelFlames,
00B1DC,GrassFire,
00B1F0,GFire_Main,
00B238,GFire_Spread,
00B2B2,GFire_Move,
00B2BE,GFire_Animate,
00B39E,GlassBlock,
00B3CE,Glass_Delete,
00B3E8,Glass_Main,
00B48C,Glass_Block012,
00B4A4,Glass_Reflect012,
00B4B2,Glass_Block34,
00B4CA,Glass_Reflect34,
00B4DE,Glass_Types,
00B4FC,Glass_Type00,
00B4FE,Glass_Type01,
00B508,Glass_Type02,
00B52A,Glass_Type03,
00B5B0,Glass_Type04,
00B5C2,Glass_ChkSwitch,
00B67C,ChainStomp,
00B6B2,CStom_Main,
00B6EC,CStom_Loop,
00B6F4,CStom_MakeStomper,
00B778,CStom_SetSize,
00B798,CStom_Block,
00B7DA,CStom_Display,
00B7E2,CStom_Chain,
00B7FE,CStom_Spikes,
00B810,CStom_Ceiling,
00B814,CStom_ChkDel,
00B834,CStom_Types,
00B854,CStom_Type00,
00B8E0,CStom_Restart,
00B8F0,CStom_Type01,
00B980,CStom_Type03,
00B99A,SideStomp,
00B9C4,SStom_Main,
00BA58,SStom_Solid,
00BA7A,SStom_Pole,
00BA8E,SStom_Spikes,
00BAA2,SStom_Display,
00BAA6,SStom_ChkDel,
00BAC6,SStom_Move,
00BADA,SStom_Move_0,
00BD2E,Button,
00BD40,But_Main,
00BD60,But_IsMZ,
00BD76,But_Pressed,
00BDF8,But_Display,
00BE1C,But_Delete,
00BE22,But_MZBlock,
00BE42,But_MZLoop,
00BED2,PushBlock,
00BEEA,PushB_Main,
00BF6E,PushB_Action,
00C02C,PushB_ChkVisible,
00C0D0,PushB_StopPush,
00C11A,PushB_ChkLava,
00C140,PushB_ChkLava2,
00C15C,PushB_NoLava,
00C15E,PushB_LoadLava,
00C306,TitleCard,
00C31C,Card_CheckSBZ3,
00C32E,Card_CheckFZ,
00C33C,Card_LoadConfig,
00C36E,Card_ActNumber,
00C382,Card_MakeSprite,
00C3B4,Card_ChkPos,
00C3C4,Card_Move,
00C3C8,Card_NoMove,
00C3DA,Card_Wait,
00C3E8,Card_ChkPos2,
00C3FE,Card_Move2,
00C414,Card_ChangeArt,
00C434,Card_Delete,
00C4B8,GameOverCard,
00C4CC,Over_ChkPLC,
00C4D4,Over_Main,
00C4EC,Over_1stWord,
00C50C,Over_Move,
00C51A,Over_UpdatePos,
00C522,Over_SetWait,
00C52E,Over_Wait,
00C54E,Over_ChgMode,
00C568,Over_ResetLvl,
00C56E,Over_Display,
00C572,GotThroughCard,
00C592,Got_ChkPLC,
00C59A,Got_Main,
00C5EA,Got_Move,
00C5FA,Got_ChgPos,
00C634,Got_Wait,
00C63E,Got_Display,
00C642,Got_Bonus,
00C65E,Got_RingBonus,
00C66E,Got_ChkBonus,
00C68C,Got_SetDelay,
00C694,Got_AddBonus,
00C6AE,Got_NextLevel,
00C6D8,Got_ChkSS,
00C6F0,Got_Display2,
00C724,Got_MoveBack,
00C734,Got_ChgPos2,
00C74A,Got_SBZ2,
00C766,Got_Boundary,
00C7AE,SSResult,
00C7D2,SSR_ChkPLC,
00C7DA,SSR_Main,
00C846,SSR_Move,
00C856,SSR_ChgPos,
00C884,SSR_Wait,
00C88E,SSR_Display,
00C892,SSR_RingBonus,
00C8EC,SSR_Exit,
00C8F6,SSR_Continue,
00C91A,SSR_ContAni,
00C92A,SSR_Display2,
00C956,SSRChaos,
00C974,SSRC_Main,
00C9CC,SSRC_Flash,
00C9E2,SSRC_Display,
00CE28,Spikes,
00CE46,Spik_Main,
00CE90,Spik_Solid,
00CEAC,Spik_SideWays,
00CECC,Spik_Upright,
00CEF2,Spik_Hurt,
00CF22,Spik_Display,
00CF46,Spik_Type0x,
00CF5C,Spik_Type00,
00CF5E,Spik_Type01,
00CF72,Spik_Type02,
00CF86,Spik_Wait,
00D050,PurpleRock,
00D062,Rock_Main,
00D086,Rock_Solid,
00D0BE,WaterSound,
00D0D0,WSnd_Main,
00D0DA,WSnd_PlaySnd,
00D0EE,WSnd_ChkDel,
00D11C,SmashWall,
00D134,Smash_Main,
00D15E,Smash_Solid,
00D1D6,Smash_FragMove,
00D1EE,SmashObject,
00D338,ExecuteObjects,
00D5B2,NullObject,ObjectFall
00D5DE,SpeedToPos,
00D604,DisplaySprite,
00D620,DSpr_Full,
00D622,DisplaySprite2,
00D63E,DSpr2_Full,
00D640,DeleteObject,
00D642,DeleteChild,
00D646,DelObj_Loop,
00D65E,BuildSprites,
00D750,BuildSpr_Draw,
00D762,BuildSpr_Normal,
00D796,BuildSpr_FlipX,
00D7E4,BuildSpr_FlipY,
00D82A,BuildSpr_FlipXY,
00D87E,ChkObjectVisible,
00D8A6,ChkPartiallyVisible,
00D8DA,ObjPosLoad,
00D8EC,OPL_Main,
00D924,OPL_ClrList,
00D980,OPL_Next,
00DA50,OPL_MakeItem,
00DA8C,FindFreeObj,
00DA94,FFree_Loop,
00DAA0,FFree_Found,
00DAA2,FindNextFreeObj,
00DAB0,NFree_Loop,
00DABC,NFree_Found,
00DABE,Springs,
00DB08,Spring_Main,
00DB54,Spring_NotLR,
00DB66,Spring_NotDwn,
00DB7E,Spring_Up,
00DB9A,Spring_BounceUp,
00DBD4,Spring_AniUp,
00DBDE,Spring_ResetUp,
00DBEA,Spring_LR,
00DC16,Spring_BounceLR,
00DC36,Spring_Flipped,
00DC6C,Spring_AniLR,
00DC76,Spring_ResetLR,
00DC82,Spring_Dwn,
00DCB0,Spring_BounceDwn,
00DCE8,Spring_AniDwn,
00DCF2,Spring_ResetDwn,
00DD68,Newtron,
00DD7C,Newt_Main,
00DDAC,Newt_Action,
00DF16,Newt_Delete,
00DFFA,Roller,
00E00C,Roll_Main,
00E054,Roll_Action,
00E08E,Roll_ChkGone,
00E0A0,Roll_Delete,
00E0AC,Roll_RollChk,
00E0D6,Roll_RollNoChk,
00E0FE,Roll_ChkJump,
00E11C,Roll_Jump,
00E130,Roll_MatchFloor,
00E152,Roll_Stop,
00E1D4,EdgeWalls,
00E1E8,Edge_Main,
00E220,Edge_Solid,
00E22C,Edge_Display,
00E296,LavaMaker,
00E2B2,LavaM_Main,
00E2D2,LavaM_MakeLava,
00E302,LavaM_Wait,
00E304,LavaBall,
00E32E,LBall_Main,
00E3BA,LBall_Action,
00E3D8,LBall_ChkDel,
00E40A,LBall_Type00,
00E432,LBall_Type04,
00E454,LBall_Type05,
00E476,LBall_Type06,
00E49A,LBall_Type07,
00E4BE,LBall_Type08,
00E4C0,LBall_Delete,
00E4E0,Flamethrower,
00E4F2,Flame_Main,
00E556,Flame_Action,
00E59A,Flame_ChkDel,
00E7D0,MarbleBrick,
00E7E2,Brick_Main,
00E81E,Brick_Action,
00E87A,Brick_Type00,
00E87C,Brick_Type02,
00E894,Brick_Type01,
00E8B4,Brick_Type03,
00E8F0,Brick_Type04,
00E90C,SpinningLight,
00E91E,Light_Main,
00E942,Light_Animate,
00E9D0,Bumper,
00E9E2,Bump_Main,
00EA0C,Bump_Hit,
00EB28,Signpost,
00EB6E,Sign_Main,
00EB92,Sign_Touch,
00EBBC,Sign_Spin,
00EC54,Sign_SonicRun,
00EC8A,GotThroughAct,
00ED1A,Sign_Exit,
00ED84,GeyserMaker,
00EDA2,GMake_Main,
00EDCC,GMake_Wait,
00EDF2,GMake_MakeLava,
00EE3E,GMake_ChkType,
00EE4A,GMake_Display,
00EE5A,GMake_Delete,
00EE70,LavaGeyser,
00EE8E,Geyser_Main,
00EF7A,Geyser_Action,
00EF98,Geyser_ChkDel,
00EFBC,Geyser_Type00,
00EFDC,Geyser_Type01,
00EFFC,Geyser_Middle,
00F05A,Geyser_Delete,
00F05E,LavaWall,
00F076,LWall_Main,
00F0D6,LWall_Action,
00F112,LWall_Solid,
00F198,LWall_Move,
00F1B4,LWall_Delete,
00F1B8,LavaTag,
00F1CE,LTag_Main,
00F1EC,LTag_ChkDel,
00F61A,MotoBug,
00F630,Moto_Main,
00F694,Moto_Action,
00F6AC,RememberState,
00F770,Moto_Animate,
00F77E,Moto_Delete,
00F806,Obj4F,
00F808,ChkHitLeftRightWall,
00F83A,Yadrin,
00F84C,Yad_Main,
00F8A0,Yad_Action,
00F8C0,Yad_Move,
00F8E4,Yad_FixToFloor,
00F904,Yad_Pause,
00F9D6,SolidObject,
00FA1C,SolidObject71,
00FA62,SolidObject2F,
00FAC8,Solid_ChkEnter,
00FB5E,Solid_Right,
00FB64,Solid_Left,
00FB70,Solid_Centre,
00FB8C,Solid_SideAir,
00FB92,Solid_Ignore,
00FBA0,Solid_NotPushing,
00FBAC,Solid_Debug,
00FBB0,Solid_TopBottom,
00FBBC,Solid_Below,
00FBD2,Solid_TopBtmAir,
00FBD6,Solid_Squash,
00FBEE,Solid_Landed,
00FC28,Solid_Miss,
00FC2C,Solid_ResetFloor,
00FC92,SmashBlock,
00FCAA,Smab_Main,
00FCD4,Smab_Solid,
00FDA4,Smab_Points,
00FDF8,MovingBlock,
00FE16,MBlock_Main,
00FE96,MBlock_Platform,
00FEA8,MBlock_StandOn,
00FEC4,MBlock_ChkDel,
00FEE6,MBlock_Move,
00FF10,MBlock_Type00,
00FF12,MBlock_Type01,
00FF32,MBlock_Type02,
00FF3E,MBlock_02_Wait,
00FF40,MBlock_Type03,
00FF5A,MBlock_03_End,
00FF60,MBlock_Type05,
00FF7A,MBlock_05_End,
00FF80,MBlock_Type06,
00FFA2,MBlock_Type07,
00FFAC,MBlock_07_ChkDel,
00FFCE,MBlock_Type08,
00FFEE,MBlock_Type0A,
010022,MBlock_0A_Wait,
010030,MBlock_0A_Back,
010040,MBlock_0A_Reset,
0100A8,Basaran,
0100BA,Bas_Main,
0100EA,Bas_Action,
010286,FloatingBlock,
0102A8,FBlock_Main,
01037C,FBlock_Action,
010782,SpikeBall,
010796,SBall_Main,
0108B6,SBall_Move,
010952,SBall_Display,
010976,BigSpikeBall,
010988,BBall_Main,
0109E2,BBall_Move,
010AD2,Elevator,
010B2A,Elev_Main,
010BA2,Elev_Platform,
010BB2,Elev_Action,
010BD6,Elev_Types,
010CB2,Elev_Move,
010CFC,Elev_MakeMulti,
010D5A,CirclingPlatform,
010D90,Circ_Main,
010DC0,Circ_Platform,
010DD0,Circ_Action,
010DEC,Circ_Types,
010E90,Staircase,
010EC6,Stair_Main,
010F46,Stair_Move,
010F5A,Stair_Solid,
010FAA,Stair_Type00,
010FCC,Stair_Type02,
011010,Stair_Type01,
011044,Pylon,
011056,Pyl_Main,
01106E,Pyl_Display,
0110C6,WaterSurface,
0110D8,Surf_Main,
0110FC,Surf_Action,
011206,Pole,
01121A,Pole_Main,
011252,Pole_Action,
01131E,Pole_Display,
011346,FlapDoor,
011358,Flap_Main,
011384,Flap_OpenClose,
01141A,Invisibarrier,
01142C,Invis_Main,
011464,Invis_Solid,
0114FC,Fan,
01150E,Fan_Main,
011532,Fan_Delay,
01163C,Seesaw,
01167C,See_Main,
0116E6,See_Slope,
011718,See_Slope2,
01174A,See_ChkSide,
011766,See_ChgFrame,
011792,See_Spikeball,
0117E8,See_MoveSpike,
01187C,See_SpikeFall,
0118D8,See_Spring,
0119F6,Bomb,
011A0C,Bom_Main,
011A48,Bom_Action,
011B60,Bom_Display,
011BD8,Bom_End,
011CCE,Orbinaut,
011CE6,Orb_Main,
011DBE,Orb_ChkSonic,
011DFC,Orb_Display,
011E00,Orb_ChkDel,
011E56,Orb_Delete,
011E5A,Orb_MoveOrb,
011EC6,Orb_ChkDel2,
011F04,Harpoon,
011F18,Harp_Main,
011F48,Harp_Move,
011F68,Harp_Wait,
011FD4,LabyrinthBlock,
011FEE,LBlk_Main,
01204C,LBlk_Action,
0121E8,Gargoyle,
01220A,Gar_Main,
012248,Gar_MakeFire,
012284,Gar_FireBall,
0122E0,Gar_AniFire,
01233C,LabyrinthConvey,
012366,LCon_Display,
01239A,LCon_Main,
012490,LCon_Loop,
0124B2,LCon_Platform,
0124C2,LCon_OnPlatform,
0124DE,LCon_Wheel,
012570,LCon_ChangeDir,
0126A4,Bubble,
0126BE,Bub_Main,
01271C,Bub_Animate,
012736,Bub_ChkWater,
0127F0,Bub_Display,
01280E,Bub_Delete,
012812,Bub_BblMaker,
01295E,Bub_ChkSonic,
012A9E,Waterfall,
012AB6,WFall_Main,
012B18,WFall_Animate,
012B24,WFall_ChkDel,
012B28,WFall_OnWater,
012B36,WFall_Priority,
012BD8,SonicPlayer,
012BE4,Sonic_Normal,
012BFC,Sonic_Main,
012C3E,Sonic_Control,
012CCE,Sonic_Display,
012D5E,Sonic_RecordPosition,
012D78,Sonic_Water,
012E18,Sonic_MdNormal,
012E3C,Sonic_MdJump,
012E66,Sonic_MdRoll,
012E86,Sonic_MdJump2,
012EB0,Sonic_Move,
012F78,Sonic_LookUp,
012F94,Sonic_Duck,
012FB0,Sonic_ResetScr,
012FC2,Sonic_CheckDpadLetGo,
012FEE,Sonic_AngleSpeed,
01300C,Sonic_WallSpeedAdjust,
01307E,Sonic_MoveLeft,
0130EA,Sonic_MoveRight,
013150,Sonic_RollSpeed,
0131AA,Sonic_RollSlowdownDone,
0131CC,Sonic_AngledRollSpeed,
013202,Sonic_RollLeft,
013226,Sonic_RollRight,
013248,Sonic_JumpDirection,
01328E,Sonic_JumpMove,
013292,Sonic_RollJumpLock,
0132A4,Sonic_AirDrag,
0132D4,Sonic_SquashUnused,
013304,Sonic_LevelBound,
013384,Sonic_Roll,
0133AC,Sonic_ChkRoll,
0133EA,Sonic_Jump,
013498,Sonic_JumpHeight,
0134D4,Sonic_SlopeResistWalk,
01350A,Sonic_SlopeResistRoll,
013546,Sonic_SlopeRepel,
013588,Sonic_JumpAngle,
0135A4,Sonic_Floor,
0135DE,Sonic_FloorDown,
013680,Sonic_FloorLeft,
0136E2,Sonic_FloorUp,
01373E,Sonic_FloorRight,
0137A0,Sonic_ResetOnFloor,
0137F2,Sonic_Hurt,
013826,Sonic_HurtStop,
013862,Sonic_Death,
01387E,Sonic_HandleDeath,
013902,Sonic_ResetLevel,
013916,Sonic_Loops,
0139C4,Sonic_Animate,
013C3E,Sonic_LoadGfx,
013C98,DrownCount,
013CB8,Drown_Main,
013D10,Drown_Animate,
013D1C,Drown_ChkWater,
013D7E,Drown_Display,
013D92,Drown_Delete,
013D98,Drown_AirLeft,
013DCA,Drown_AirLeft_Delete,
013DD0,Drown_ShowNumber,
013E9C,Drown_Countdown,
01408E,ResumeMusic,
014158,ShieldItem,
01416C,Shi_Main,
0141A4,Shi_Shield,
0141DC,Shi_Stars,
01424E,Shi_Start_Delete,
014254,VanishSonic,
014268,Van_Main,
01429A,Van_RmvSonic,
0142DC,Van_LoadSonic,
0142F0,Splash,
014304,Spla_Main,
01432E,Spla_Display,
014346,Spla_Delete,
0145EE,Sonic_AnglePos,
014750,Sonic_Angle,
01477C,Sonic_WalkVertR,
014818,Sonic_WalkCeiling,
0148BA,Sonic_WalkVertL,
01495C,FindNearestTile,
0149CE,FindFloor,
014A74,FindFloor2,
014B0C,FindWall,
014BB4,FindWall2,
014C4C,ConvertCollisionArray,
014CDE,Sonic_CalcRoomAhead,
014D48,Sonic_CalcHeadroom,
014D70,Sonic_FindFloor,
014DD0,Sonic_FindSmaller,
014DE8,Sonic_FindFloor_Quick_UsePos,
014DF0,Sonic_FindFloor_Quick,
014E0A,Sonic_SnapAngle,
014E18,ObjFloorDist,
014E1C,ObjFloorDist2,
014E50,Sonic_FindWallRight,
014EB4,Sonic_FindWallRight_Quick_UsePos,
014EBC,Sonic_FindWallRight_Quick,
014EDA,ObjHitWallRight,
014F08,Sonic_FindCeiling,
014F74,Sonic_FindCeiling_Quick_UsePos,
014F7C,Sonic_FindCeiling_Quick,
014F9E,ObjHitCeiling,
014FD6,Sonic_FindWallLeft,
015042,Sonic_FindWallLeft_Quick_UsePos,
01504A,Sonic_FindWallLeft_Quick,
01506C,ObjHitWallLeft,
01509A,Junction,
0150B0,Jun_Main,
015120,Jun_Action,
0151B4,Jun_Display,
0151B8,Jun_Release,
015200,Jun_ChkSwitch,
015248,Jun_ChgPos,
0154E2,RunningDisc,
0154F4,Disc_Main,
015564,Disc_Action,
015570,Disc_MoveSonic,
015624,Disc_MoveSpot,
01565E,Disc_ChkDel,
01568E,Conveyor,
0156A0,Conv_Main,
0156CA,Conv_Action,
015730,SpinPlatform,
015744,Spin_Main,
0157C2,Spin_Trapdoor,
01582E,Spin_Spinner,
01597C,Saws,
01598E,Saw_Main,
0159CC,Saw_Action,
015C12,ScrapStomp,
015C38,Sto_Main,
015D0A,Sto_Action,
015FF8,VanishPlatform,
01600E,VanP_Main,
016068,VanP_Sync,
01608C,VanP_Detect,VanP_StoodOn
016146,Electro,
016158,Elec_Main,
016184,Elec_Shock,
01626A,SpinConvey,
016294,SpinC_Display,
0162A8,SpinC_Act1or2,
0162BC,SpinC_Delete,
0162C6,SpinC_Main,
0163B4,SpinC_Loop,
0163D8,SpinC_Solid,
01652A,Girder,
01653C,Gird_Main,
016576,Gird_Action,
0165DE,Gird_ChgMove,
016668,Teleport,
0166A2,Tele_Main,
0166C8,Tele_Action,
01675E,Tele_Bump,
016798,Tele_Bend,
016934,Caterkiller,
016952,Cat_Main,
0169D6,Cat_Loop,
016A40,Cat_Head,
016AAA,Cat_ChkGone,
016AC4,Cat_Delete,
016ACE,Cat_Undulate,
016B02,Cat_Floor,
016B98,Cat_BodySeg2,
016BC0,Cat_AniBody,
016BCA,Cat_BodySeg1,
016CC0,Cat_Fragment,
016E2E,Lamppost,
016E4A,Lamp_Main,
016EAE,Lamp_Blue,
016F92,Lamp_Finish,
016F94,Lamp_Twirl,
016FD2,Lamp_StoreInfo,
01704C,Lamp_LoadInfo,
01715E,HiddenBonus,
017170,Bonus_Main,
01721A,Bonus_Display,
017242,Bonus_Display_Delete,
017264,CreditsText,
017276,Cred_Main,
0172DC,Cred_Display,
017700,BossGreenHill,
01771C,BGHZ_Main,
017728,BGHZ_Loop,
017730,BGHZ_LoadBoss,
01778A,BGHZ_ShipMain,
0177CA,BGHZ_ShipStart,
01782E,BGHZ_ShipFlash,
017860,BossDefeated,
0178A4,BossMove,
0178CA,BGHZ_MakeBall,
01791A,BGHZ_ShipMove,
017944,BGHZ_Reverse,
017954,BGHZ_ChgDir,
01797A,BGHZ_Explode,
0179AC,BGHZ_Recover,
0179F6,BGHZ_Escape,
017A1E,BGHZ_ShipDel,
017A24,BGHZ_FaceMain,
017A6E,BGHZ_FaceDisp,
017A70,BGHZ_FaceDel,
017A76,BGHZ_FlameMain,
017AA2,BGHZ_FlameDisp,
017AA4,BGHZ_FlameDel,
017AAA,BGHZ_Display,
017AE4,BossBall,
017AFC,GBall_Main,
017B28,GBall_MakeLinks,
017B8A,GBall_MakeBall,
017BB8,GBall_Base,
017C06,GBall_Display,
017C1A,GBall_Base2,
017C68,GBall_Link,
017C7E,GBall_Display3,
017C84,GBall_Ball,
017C8E,GBall_Vanish,
017CB6,GBall_Display4,
017E36,BossLabyrinth,
017E52,BossLabyrinth_Main,
017E86,BossLabyrinth_Loop,
017EA0,BossLabyrinth_LoadBoss,
017EDA,BossLabyrinth_ShipMain,
017F1E,BLZ_ShipStart,
017FA0,BLZ_ShipMove1,
017FE0,BLZ_ShipMove2,
01801E,BLZ_ShipMove3,
0180BC,BLZ_ShipAtTop,
0180F6,BLZ_ShipWait,
01812A,BLZ_Escape1,
018152,BLZ_Escape2,
01816A,BossLabyrinth_ShipDel,
018170,BossLabyrinth_FaceMain,
0181B8,BossLabyrinth_FaceDel,
0181BE,BossLabyrinth_FlameMain,
0181F2,BossLabyrinth_FlameDel,
0181F8,BossLabyrinth_Display,
018230,BossMarble,
018254,BossMarble_Main,
018276,BossMarble_Loop,
018290,BossMarble_LoadBoss,
0182C8,BossMarble_ShipMain,
018302,BMZ_ShipStart,
0183AA,BMZ_ShipMove,
0183CA,BMZ_ChgDir,
01840E,BossMarble_MakeLava,
01849E,BMZ_DropFire,
0184F6,BMZ_Explode,
01852C,BMZ_Recover,
018582,BMZ_Escape,
0185AA,BossMarble_ShipDel,
0185B0,BossMarble_FaceMain,
018604,BossMarble_FaceDel,
01860A,BossMarble_FlameMain,
018638,BossMarble_FlameDel,
01863E,BossMarble_Display,
018676,BossMarble_TubeMain,
01869E,BossMarble_TubeDel,
0186A4,BossFire,
0186C0,BossFire_Main,
01871A,BossFire_Action,
018744,BossFire_Delete,
018752,BossFire_Drop,
018782,BossFire_MakeFlame,
0187B6,BossFire_Loop,
0187D0,BossFire_Duplicate2,
0187F0,BossFire_Duplicate,
018832,BossFire_FallEdge,
018880,BossFire_Delete2,
018886,BossFire_TempFire,
0188A0,BossFire_Animate,
0188AC,BossFire_TempFireDel,
0188B2,BossStarLight_Delete,
0188B8,BossStarLight,
0188DC,BossStarLight_Main,
01890A,BossStarLight_Loop,
018924,BossStarLight_LoadBoss,
01897C,BossStarLight_ShipMain,
0189B8,BSLZ_ShipStart,
018A5E,BSLZ_ShipMove,
018AD2,BSLZ_MakeBall,
018B48,BSLZ_Explode,
018B80,BSLZ_Recover,
018BC6,BSLZ_Escape,
018BF0,BossStarLight_FaceMain,
018C34,BossStarLight_FlameMain,
018CA4,BossStarLight_TubeMain,
018CCE,BossSpikeball,
018D10,BossSpikeball_Main,
018D6C,BossSpikeball_Fall,
018DC6,BossSpikeball_Bounce,
018EAA,BossSpikeball_HitBoss,
01902A,BossSpikeball_Explode,
01903C,BossSpikeball_MakeFrag,
019048,BossSpikeball_Loop,
0190B0,BossSpikeball_MoveFrag,
0190EE,BossSpringYard,
019112,BossSpringYard_Main,
019140,BossSpringYard_Loop,
019158,BossSpringYard_LoadBoss,
019190,BossSpringYard_ShipMain,
0191CC,BSYZ_ShipStart,
019270,BSYZ_ShipMove,
0192EC,BSYZ_Attack,
019302,BSYZ_Descend,
019348,BSYZ_Lift,
01938E,BSYZ_LiftStop,
0193D0,BSYZ_BreakBlock,
01944A,BossSpringYard_FindBlocks,
01945A,BossSpringYard_FindLoop,
019474,BSYZ_Explode,
0194AC,BSYZ_Recover,
0194F2,BSYZ_Escape,
01951A,BossSpringYard_ShipDelete,
019520,BossSpringYard_FaceMain,
019540,BossSpringYard_FaceDelete,
019552,BSYZ_Face_Defeat,
019556,BSYZ_Face_Escape,
01955A,BSYZ_Face_Attack,
019570,BSYZ_Face_Attack_Other,
019572,BSYZ_Face_Attack_Lift,
019574,BSYZ_Face_ChkHit,
01958A,BossSpringYard_FlameMain,
0195B8,BossSpringYard_FlameDelete,
0195F6,BossSpringYard_SpikeMain,
01968C,BossSpringYard_SpikeDelete,
019692,BossBlock,
0196A6,BossBlock_Main,
0196B2,BossBlock_Loop,
0196BA,BossBlock_MakeBlock,
019702,BossBlock_ExitLoop,
019704,BossBlock_Action,
019746,BossBlock_Solid,
01975C,BossBlock_Display,
019762,BossBlock_Frag,
019774,BossBlock_Delete,
01977A,BossBlock_Break,
01979C,BossBlock_LoopFrag,
0197A4,BossBlock_MakeFrag,
01982C,FalseFloor_Delete,
019832,ScrapEggman,
01984C,SEgg_Main,
0198F0,SEgg_Eggman,
019916,SEgg_ChkSonic,
019934,SEgg_Move,
01993A,SEgg_PreLeap,
019956,SEgg_Leap,
0199A2,SEgg_FindBlocks,
0199B4,SEgg_FindLoop,
0199D4,SEgg_Switch,
0199E6,SEgg_SwChk,
0199FC,SEgg_SwDisplay,
019B60,FalseFloor,
019B7A,FFloor_Main,
019BAA,FFloor_MakeBlock,
019BF6,FFloor_ExitMake,
019BFC,FFloor_ChkBreak,
019C0C,FFloor_Solid,
019C36,FFloor_Break,
019C60,FFloor_Solid2,
019C62,FFloor_AllGone,
019C72,FFloor_Block,
019C80,FFloor_Frag,
019C94,FFloor_BlockBreak,
019CB6,FFloor_LoopFrag,
019CBE,FFloor_MakeFrag,
019CEA,FFloor_BreakSnd,
019D52,BossFinal_Delete,
019D58,BossFinal,
019DCE,BossFinal_Main,
019DDC,BossFinal_Loop,
019DE4,BossFinal_LoadBoss,
019E6C,BossFinal_Eggman,
019E90,BossFinal_Eggman_Wait,
019EA8,BossFinal_Eggman_Crush,
019FE6,BossFinal_Eggman_Plasma,
01A02A,BossFinal_Eggman_Fall,
01A074,BossFinal_Eggman_Run,
01A112,BossFinal_Eggman_Jump,
01A192,BossFinal_Eggman_Ship,
01A1D4,BossFinal_Eggman_Escape,
01A264,BossFinal_Flame,
01A2C6,BossFinal_Cockpit,
01A346,BossFinal_Legs,
01A38E,BossFinal_Panel,
01A3AC,BossFinal_EmptyShip,
01A448,EggmanCylinder_Delete,
01A44E,EggmanCylinder,
01A472,EggmanCylinder_Main,
01A4CE,EggmanCylinder_Action,
01A57E,EggmanCylinder_Move,
01A598,EggmanCylinder_Bottom,
01A604,EggmanCylinder_Top,
01A7DA,BossPlasma,
01A7F2,BossPlasma_Main,
01A834,BossPlasma_Generator,
01A8AA,BossPlasma_MakeBalls,
01A8CA,BossPlasma_Loop,
01A962,BossPlasma_Finish,
01A982,BossPlasma_Balls,
01A9A6,BossPlasma_Spread,
01A9C0,BossPlasma_Drop,
01AA1E,BossPlasma_Move,
01AB22,Prison,
01AB78,Pri_Main,
01ABC2,Pri_BodyMain,
01ABFE,Pri_Switched,
01AC62,Pri_Explosion,
01ACFA,Pri_Animals,
01AD4A,Pri_EndAct,
01ADE4,ReactToItem,
01AEF4,React_Monitor,
01AF30,React_Enemy,
01AFDA,React_Caterkiller,
01AFE0,React_ChkHurt,
01AFF4,HurtSonic,
01B098,KillSonic,
01B0F0,React_Special,
01B14E,SS_ShowLayout,
01B290,SS_AniWallsRings,
01B4BA,SS_RemoveCollectedItem,
01B4D0,SS_AniItems,
01B508,SS_AniRingSparks,
01B538,SS_AniBumper,
01B56E,SS_Ani1Up,
01B59E,SS_AniReverse,
01B5D4,SS_AniEmeraldSparks,
01B614,SS_AniGlassBlock,
01B67C,SS_Load,
01B694,SS_ChkEmldNum,
01B6AA,SS_ChkEmldLoop,
01B6B2,SS_ChkEmldRepeat,
01B6B6,SS_LoadData,
01B6E2,SS_ClrRAM3,
01B984,SonicSpecial,
01B992,Obj09_Normal,
01B9A8,Obj09_Main,
01B9E4,Obj09_ChkDebug,
01B9F8,Obj09_NoDebug,
01BA20,Obj09_OnWall,
01BA2E,Obj09_InAir,
01BA3A,Obj09_Display,
01BA60,Obj09_Move,
01BA6C,Obj09_ChkRight,
01BAF8,Obj09_MoveLeft,
01BB28,Obj09_MoveRight,
01BB56,Obj09_Jump,
01BB98,Obj09_NoJump,
01BB9A,nullsub_2,
01BBB6,SS_FixCamera,
01BBE0,Obj09_ExitStage,
01BC34,Obj09_Exit2,
01BC56,Obj09_Fall,
01BD52,Obj09_ChkItems,
01BD8C,Obj09_ChkCont,
01BDA0,Obj09_GetCont,
01BDC4,Obj09_NoCont,
01BDC8,Obj09_Chk1Up,
01BDDC,Obj09_Get1Up,
01BDF2,Obj09_ChkEmer,
01BE0C,Obj09_GetEmer,
01BE2A,Obj09_NoEmer,
01BE38,Obj09_ChkGhost,
01BE44,Obj09_ChkGhostTag,
01BE58,Obj09_NoGhost,
01BE5C,Obj09_MakeGhostSolid,
01BE6C,Obj09_GhostLoop2,
01BE6E,Obj09_GhostLoop,
01BE78,Obj09_NoReplace,
01BE86,Obj09_GhostNotSolid,
01BE8E,Obj09_ChkItems2,
01BEAE,Obj09_ChkBumper,
01BF1C,Obj09_BumpSnd,
01BF26,Obj09_GOAL,
01BF3C,Obj09_UPblock,
01BF66,Obj09_UPsnd,
01BF70,Obj09_DOWNblock,
01BF9A,Obj09_DOWNsnd,
01BFA4,Obj09_Rblock,
01BFCC,Obj09_RevStage,
01BFDA,Obj09_ChkGlass,
01BFF2,Obj09_Glass,
01C012,Obj09_GlassUpdate,
01C016,Obj09_GlassSnd,
01C020,Obj09_NoGlass,
01C022,Obj10,
01C024,AnimateLevelGfx,
01C054,AniArt_GHZ,AniArt_GHZ_Waterfall
01C08A,AniArt_GHZ_Bigflower,
01C0C0,AniArt_GHZ_Smallflower,
01C112,AniArt_MZ,AniArt_MZ_Lava
01C150,AniArt_MZ_Magma,
01C1AE,AniArt_MZ_Torch,
01C1EC,AniArt_SBZ,
01C2A2,AniArt_Ending,AniArt_Ending_BigFlower
01C2F4,AniArt_Ending_SmallFlower,
01C33C,AniArt_Ending_Flower3,
01C37A,AniArt_Ending_Flower4,
01C3B6,AniArt_none,
01C3B8,LoadTiles,
01C3EE,AniArt_MZ_Magma_Shift0_Col0,
01C3FA,AniArt_MZ_Magma_Shift1_Col0,
01C410,AniArt_MZ_Magma_Shift2_Col0,
01C41E,AniArt_MZ_Magma_Shift3_Col0,
01C434,AniArt_MZ_Magma_Shift0_Col1,
01C442,AniArt_MZ_Magma_Shift1_Col1,
01C458,AniArt_MZ_Magma_Shift2_Col1,
01C466,AniArt_MZ_Magma_Shift3_Col1,
01C47C,AniArt_MZ_Magma_Shift0_Col2,
01C48A,AniArt_MZ_Magma_Shift1_Col2,
01C4A0,AniArt_MZ_Magma_Shift2_Col2,
01C4AE,AniArt_MZ_Magma_Shift3_Col2,
01C4C4,AniArt_MZ_Magma_Shift0_Col3,
01C4D2,AniArt_MZ_Magma_Shift1_Col3,
01C4E8,AniArt_MZ_Magma_Shift2_Col3,
01C510,AniArt_GiantRing,
01C548,HUD,
01C55A,HUD_Main,
01C584,HUD_Flash,
01C68C,AddPoints,
01C6B8,HUD_Update,
01C78C,TimeOver,
01C7A2,HudDebug,
01C80E,Hud_LoadZero,
01C822,Hud_Base,
01C87A,HudDb_XY,
01C89A,HudDb_XY2,
01C8A2,HudDb_XYLoop,
01C8D0,Hud_Rings,
01C8DA,Hud_Score,
01C8E2,Hud_LoadArt,
01C8E8,Hud_ScoreLoop,
01C938,ContScrCounter,
01C956,ContScr_Loop,
01C9A8,Hud_Mins,
01C9B2,Hud_Secs,
01C9BA,Hud_DrawDigits,
01C9C0,Hud_TimeLoop,
01CA0C,Hud_TimeRingBonus,
01CA1A,Hud_BonusLoop,
01CA60,Hud_ClrBonus,
01CA62,Hud_ClrBonusLoop,
01CA6E,Hud_Lives,
01CA88,Hud_LivesLoop,
01CAC8,Hud_ClrLives,
01CACE,Hud_ClrLivesLoop,
01CF1A,DebugMode,
01CF2C,Debug_Main,
01CFAE,Debug_Action,
01CFD6,Debug_Control,
01D06E,Debug_ChgItem,
01D152,Debug_ShowItem,
071B4C,UpdateMusic,
071C44,DoStartZ80,
071C4E,DACUpdateTrack,
071CCA,FMUpdateTrack,
071CEC,FMDoNext,
071D22,FMSetFreq,
071D40,SetDuration,
071D58,TrackSetRest,
071D60,FinishTrackUpdate,
071D9E,NoteTimeoutUpdate,
071DC6,DoModulation,
071E18,FMPrepareNote,
071E24,FMUpdateFreq,
071E4A,FMSetRest,
071E50,PauseMusic,
071F02,CycleSoundQueue,
071F4C,PlaySoundID,
071F8E,Sound_E0toE4,
071FAC,PlaySegaSound,
071FD2,Sound_PlayBGM,
0721C6,Sound_PlaySFX,
07230C,Sound_PlaySpecial,
07247C,StopSpecialSFX,
0724E6,FadeOutMusic,
072504,DoFadeOut,
07256A,FMSilenceAll,
07259E,StopAllSound,
0725CA,InitMusicPlayback,
07260C,TempoWait,
072624,SpeedUpMusic,
072652,SlowDownMusic,
07267C,DoFadeIn,
0726E2,FMNoteOn,
0726FE,FMNoteOff,
07270A,SendFMNoteOff,
072716,WriteFMIorIIMain,
072722,WriteFMIorII,
07272E,WriteFMI,
07275A,WriteFMIIPart,
072764,WriteFMII,
072850,PSGUpdateTrack,
072878,PSGDoNext,
0728AC,PSGSetFreq,
0728DC,PSGDoNoteOn,
0728E2,PSGUpdateFreq,
072920,PSGSetRest,
072926,PSGUpdateVolFX,
07292E,PSGDoVolFX,
07296A,SetPSGVolume,
07297C,PSGSendVolume,
07298C,PSGCheckNoteTimeout,
07299A,VolEnvHold,
0729A0,PSGNoteOff,
0729A6,SendPSGNoteOff,
0729B6,PSGSilenceAll,
072A5A,CoordFlag,
072A64,coordflagLookup,
072ACC,cfPanningAMSFMS,
072AEC,cfDetune,
072AF2,cfSetCommunication,
072AF8,cfJumpReturn,
072B14,cfFadeInToPrevious,
072B9E,cfSetTempoDivider,
072BA4,cfChangeFMVolume,
072BAE,cfHoldNote,
072BB4,cfNoteTimeout,
072BBE,cfChangeTransposition,
072BC6,cfSetTempo,
072BD0,cfSetTempoDividerAll,
072BE6,cfChangePSGVolume,
072BEE,cfClearPush,
072BF4,cfStopSpecialFM4,
072C26,cfSetVoice,
072C4E,SetVoice,
072CB4,SendVoiceTL,
072D30,cfModulation,
072D52,cfEnableModulation,
072D58,cfStopTrack,
072E06,cfSetPSGNoise,
072E20,cfDisableModulation,
072E26,cfSetPSGTone,
072E2C,cfJumpTo,
072E38,cfRepeatAtPos,
072E52,cfJumpToGosub,
072E64,cfOpF9,
